residue position,combinability score,combinable variants
1,2,"(G1C,Q92H)"
6,11,"(Q6K,T29A), (Q6K,Q32R), (Q6K,M73T), (Q6K,K88R), (Q6K,T29A,H35D)"
9,2,"(K9R,T45S)"
14,3,"(F14S,D25E,Q31L)"
17,2,"(Q17K,N33S)"
19,9,"(N19K,M24I,Q32L), (N19S,E40K), (N19S,M73I), (N19S,Q32R)"
21,2,"(A21E,E40V)"
24,7,"(M24K,S80P), (M24I,Q32L), (N19K,M24I,Q32L)"
25,3,"(F14S,D25E,Q31L)"
29,5,"(Q6K,T29A), (Q6K,T29A,H35D)"
30,6,"(L30M,Q92R), (L30Q,S48P), (L30Q,M73K)"
31,17,"(F14S,D25E,Q31L), (Q31R,Y90C), (Q31R,H35D), (Q31R,K88E), (Q31R,Q66E), (Q31R,W38C), (Q31L,D74E), (Q31L,H35D)"
32,16,"(Q32R,S80T), (M24I,Q32L), (N19K,M24I,Q32L), (Q32K,H35D), (Q32R,H35D,S80T), (Q6K,Q32R), (N19S,Q32R)"
33,6,"(N33S,S80T), (Q17K,N33S), (N33S,Q85K)"
35,27,"(H35D,Y90F), (H35D,R72S), (Q31R,H35D), (Q32K,H35D), (H35D,Y59N,N82K), (H35D,T45S), (H35D,E40V), (Q32R,H35D,S80T), (Q6K,T29A,H35D), (H35D,V62A), (H35D,V62D), (Q31L,H35D)"
38,4,"(W38L,S94P), (Q31R,W38C)"
40,13,"(E40V,S48T,Y90D), (E40K,S94P), (H35D,E40V), (N19S,E40K), (E40V,S48T), (A21E,E40V)"
43,7,"(Q43R,Q56L,M73V), (Q43R,Q44L), (Q43R,Q56L)"
44,2,"(Q43R,Q44L)"
45,6,"(H35D,T45S), (T45S,Q66E), (K9R,T45S)"
48,7,"(L30Q,S48P), (E40V,S48T,Y90D), (E40V,S48T)"
52,2,"(P52H,V62A)"
53,2,"(L53S,D95E)"
56,9,"(Q43R,Q56L,M73V), (Q56L,S94P), (Q56L,M73V), (Q43R,Q56L)"
59,7,"(Y59N,N82K), (H35D,Y59N,N82K), (Y59N,M73T)"
62,16,"(V62A,Q66K), (P52H,V62A), (H35D,V62A), (V62A,K88R), (V62A,Q66E), (V62A,S94P), (H35D,V62D), (V62A,M73I)"
64,2,"(I64T,S94P)"
66,19,"(Q66R,Q93L), (Q66E,Y90F), (V62A,Q66K), (Q31R,Q66E), (Q66R,A69G,Q93L), (T45S,Q66E), (V62A,Q66E), (Q66K,Y90F), (Q66E,S94T)"
67,2,"(A67D,Y90F)"
69,3,"(Q66R,A69G,Q93L)"
72,2,"(H35D,R72S)"
73,15,"(Q43R,Q56L,M73V), (L30Q,M73K), (Q56L,M73V), (Q6K,M73T), (Y59N,M73T), (V62A,M73I), (N19S,M73I)"
74,4,"(D74E,Q85H), (Q31L,D74E)"
80,9,"(Q32R,S80T), (M24K,S80P), (Q32R,H35D,S80T), (N33S,S80T)"
82,5,"(Y59N,N82K), (H35D,Y59N,N82K)"
85,6,"(D74E,Q85H), (N33S,Q85K), (Q85H,Y90F)"
87,2,"(M87I,Q93L)"
88,6,"(Q31R,K88E), (Q6K,K88R), (V62A,K88R)"
90,15,"(E40V,S48T,Y90D), (H35D,Y90F), (Q31R,Y90C), (Q66E,Y90F), (Q66K,Y90F), (A67D,Y90F), (Q85H,Y90F)"
92,4,"(L30M,Q92R), (G1C,Q92H)"
93,7,"(Q66R,Q93L), (Q66R,A69G,Q93L), (M87I,Q93L)"
94,12,"(W38L,S94P), (I64T,S94P), (E40K,S94P), (Q56L,S94P), (V62A,S94P), (Q66E,S94T)"
95,2,"(L53S,D95E)"
